{"cases": [{"accuracy": 0.7706093189964157, "precision": 0.89198606271777, "recall": 0.7252124645892352, "f1": 0.7999999999999999, "sensitivity": 0.89198606271777, "specificity": 0.6420664206642066, "name": "Anger NB Oversampled"}, {"accuracy": 0.8545994065281899, "precision": 0.9566517189835575, "recall": 0.7930607187112764, "f1": 0.8672086720867209, "sensitivity": 0.9566517189835575, "specificity": 0.7540500736377025, "name": "Fear NB Oversampled"}, {"accuracy": 0.8627034677990092, "precision": 0.9656652360515021, "recall": 0.7988165680473372, "f1": 0.8743523316062175, "sensitivity": 0.9656652360515021, "specificity": 0.7619047619047619, "name": "Both NB Oversampled"}]}