{"cases": [{"accuracy": 0.8046594982078853, "precision": 0.8501742160278746, "recall": 0.7870967741935484, "f1": 0.8174204355108877, "sensitivity": 0.8501742160278746, "specificity": 0.7564575645756457, "name": "Anger SVM Oversampled"}, {"accuracy": 0.9072700296735905, "precision": 0.9506726457399103, "recall": 0.8736263736263736, "f1": 0.9105225483178238, "sensitivity": 0.9506726457399103, "specificity": 0.8645066273932254, "name": "Fear SVM Oversampled"}, {"accuracy": 0.9391365888181175, "precision": 0.9914163090128756, "recall": 0.8965071151358344, "f1": 0.9415760869565217, "sensitivity": 0.9914163090128756, "specificity": 0.8879551820728291, "name": "Both SVM Oversampled"}]}